Nome;Descrição;Categoria;Colaborador;Localização;Status;Empresa;Valor (€);Marca;Modelo;Número de Série;Data de Compra;Data de Garantia;Data de Criação;Última Atualização
H-FREE 300 HYDRO HF322YHM, sin;Hoover H-FREE 300 HYDRO HF322YHM, Aspiradora escoba sin cable, aspira y friega, motor directo por impulsos, localizador de polvo, carga rápida 2,5h, 40min, batería extraíble, Azul;Equipamentos;;;Ativo;ProStoral;€ 99.17;Hoover;;PS0001202510;10/10/2025;;16/10/2025;16/10/2025
Logitech MX 4 for Business,;Logitech MX Master 4 for Business, ratón inalámbrico con clics discretos, 8000 PPP, Desplazamiento MagSpeed, Receptor Logi Bolt, Bluetooth, Actions Ring, tecnología háptica, Carga USB-C - Grafito;Equipamentos;;;Ativo;ProStoral;€ 124.98;Logitech;;PS0002202510;09/10/2025;;16/10/2025;16/10/2025
iPhone 15 128 - Negro;Apple iPhone 15 128 GB - Negro (Reacondicionado);Equipamentos;;;Ativo;ProStoral;€ 537.70;Apple;;PS0003202510;25/09/2025;;16/10/2025;16/10/2025
Neatfi (Nuevo modelo) Lámpara;Neatfi (Nuevo modelo) Lámpara de mesa LED XL, 2.500 lúmenes, 6500K, 30W, 162 piezas de LEDs SMD, lámpara de 56 cm de ancho, regulable, luz de tarea de grado profesional (No-CCT con Base, Blanco);Equipamentos;;;Ativo;ProStoral;€ 163.29;Neatfi;;PS0004202510;18/09/2025;;16/10/2025;16/10/2025
MSI MAG Z790 TOMAHAWK;MSI MAG Z790 TOMAHAWK WIFI Placa base ATX - Soporta procesadores Intel 12ª y 13ª Gen Core, LGA 1700 - 90A SPS VRM, DDR5 Memory Boost 7200+MHz/OC, PCIe 5.0 & 4.0 x16, 4 x M.2 Gen4, Wi-Fi 6E;Equipamentos;;;Ativo;ProStoral;€ 203.97;MSI;;PS0005202510;18/09/2025;;16/10/2025;16/10/2025
Logitech MX Master 3S;Logitech MX Master 3S para Mac, ratón inalámbrico Bluetooth con desplazamiento ultrarrápido, ergonómico, 8K DPI, seguimiento de cristal, clics silenciosos, USB-C, Apple, iPad, gris espacial;Equipamentos;;;Ativo;ProStoral;€ 65.28;Logitech;;PS0006202510;15/09/2025;;16/10/2025;16/10/2025
BenQ PD2705U Monitor de diseño;BenQ PD2705U Monitor de diseño (tecnología AQCOLOR, 27 pulgadas, 4K UHD, IPS, color panorámico P3, carga USB-C, DP / HDMI, KVM, altura ajustable) Compatible con MacBook;Equipamentos;;;Ativo;ProStoral;€ 324.79;BenQ;;PS0007202510;15/09/2025;;16/10/2025;16/10/2025
TUF Gaming B760-PLUS WiFi;TUF Gaming B760-PLUS WiFi - Placa Base ATX Intel B760 (LGA 1700) con DDR5, Ranura PCIe 5.0, 3X PCIe 4.0 M.2, 12+1 DrMOS, 2.5Gb Ethernet, DisplayPort, HDMI, USB 3.2 Gen 2 Tipo C, Aura Sync;Equipamentos;;;Ativo;ProStoral;€ 141.28;ASUS;;PS0008202510;03/09/2025;;16/10/2025;16/10/2025
MSI MAG A850GL PCIE5;MSI MAG A850GL PCIE5 - Fuente de Alimentación, 850W, 80 Plus Gold, Totalmente Modular, ATX 3.0, Soporte GPU PCIe 5.0, Ventilador FDB de 120mm, Full-Bridge LLC, Cables Planos Negros - 7 Años de Garantí;Equipamentos;;;Ativo;ProStoral;€ 81.74;MSI;;PS0009202510;03/09/2025;;16/10/2025;16/10/2025
Asus Dual NVIDIA GeForce;Asus Dual NVIDIA GeForce RTX 3050 V2 OC Edition Tarjeta gráfica Gaming (PCIe 4.0, 8 GB de Memoria GDDR6, HDMI 2.1, DisplayPort 1.4a, DVI-D, diseño de 2 Ranuras, Axial-Tech, tecnología 0dB);Equipamentos;;;Ativo;ProStoral;€ 189.09;ASUS;;PS0010202510;03/09/2025;;16/10/2025;16/10/2025
KLEVV CRAS V DDR5;KLEVV CRAS V DDR5 RGB 32GB (2X 16GB) 7200MHz CL34 Kit de Memoria RAM para Gaming XMP 3.0 Alto Rendimiento Overclocking 34-44-44-84;Equipamentos;;;Ativo;ProStoral;€ 105.74;KLEVV;;PS0011202510;03/09/2025;;16/10/2025;16/10/2025
Intel® CoreTM i7-14700, Equipos de;Intel® CoreTM i7-14700, procesador para Equipos de sobremesa, 20 núcleos (8 P-Cores + 12 E-Cores) hasta 5,4 GHz;Equipamentos;;;Ativo;ProStoral;€ 258.64;Intel;;PS0012202510;03/09/2025;;16/10/2025;16/10/2025
POLY Voyager Focus 2-M;"POLY Voyager Focus 2-M USB-C-C Headset USB-C/A Adapter Customer Special 1- Connection Via Bluetooth - Noise Cancellation; Smart Sensor Technology; Dynamic Mute Alerta - Negro";Equipamentos;;;Ativo;ProStoral;€ 147.51;POLY;;PS0013202510;20/08/2025;;16/10/2025;16/10/2025
VITURE Pro XR/AR Gafas,;"VITURE Pro XR/AR Gafas, pantalla de 135"" 120 Hz 1000 nits,audio Harman,película electrocrómica,compatibles con iPhone 16/15, Android, Mac, PC&Steam Deck. Primera experiencia XR inmersiva para Switch 2";Equipamentos;;;Ativo;ProStoral;€ 404.13;VITURE;;PS0014202510;13/08/2025;;16/10/2025;16/10/2025
SONGMICS Silla de Malla;SONGMICS Silla de Malla Giratoria, Altura y Reposapiés Regulables, Silla de Dibujo Ergonómica, Silla de Oficina con Reposabrazos, Asiento de Tela, Carga máxima de 120 kg, Negro OBN25BK;Equipamentos;;;Ativo;ProStoral;€ 63.46;SONGMICS;;PS0015202510;13/08/2025;;16/10/2025;16/10/2025
Enterprise ST12000NM0127 - Disco duro;Seagate Enterprise Capacity v7 ST12000NM0127 - Disco duro (12 TB, interno, 3,5 pulgadas, SATA 6 Gb/s, 7200 RPM, caché de 256 MB);Equipamentos;;;Ativo;ProStoral;€ 133.70;Seagate;;PS0016202510;13/08/2025;;16/10/2025;16/10/2025
Logitech MX Master 3S;Logitech MX Master 3S para Mac: ratón Bluetooth de desplazamiento ultrarrápido, ergonómico, 8K DPI, seguimiento de cristales, clics silenciosos, USB-C, Apple, iPad, gris pálido;Equipamentos;;;Ativo;ProStoral;€ 56.86;Logitech;;PS0017202510;13/08/2025;;16/10/2025;16/10/2025
Devoko Silla Gaming de;Devoko Silla Gaming de Tela, Sillas de Oficina Ergonómica con Masajeador, Cadeira Gamer con tapicería de muelles, con reposacabezas, reposapies, Ruedas, Regulable en Altura. Grigio Scuro;Equipamentos;;;Ativo;ProStoral;€ 99.09;Devoko;;PS0018202510;31/07/2025;;16/10/2025;16/10/2025
Deck MK.2 - de estudio;Elgato Stream Deck MK.2 - Controlador de estudio USB, 15 teclas macro, activa acciones en apps y software como OBS, Twitch,  YouTube y otros, funciona en Mac y PC;Equipamentos;;;Ativo;ProStoral;€ 133.05;Elgato;;PS0019202510;31/07/2025;;16/10/2025;16/10/2025
Logitech MX Master 3S;Logitech MX Master 3S para Mac: ratón Bluetooth de desplazamiento ultrarrápido, ergonómico, 8K DPI, seguimiento de cristales, clics silenciosos, USB-C, Apple, iPad, gris pálido;Equipamentos;;;Ativo;ProStoral;€ 78.70;Logitech;;PS0020202510;31/07/2025;;16/10/2025;16/10/2025
Pro 2023, M2 Pro Chip;Apple MacBook Pro 2023, M2 Pro Chip con 10CPU y 16GPU (14 Pulgadas,16GB de RAM,512GB SSD de Almacenamiento) (QWERTY Inglés) Gris Espacial (Reacondicionado);Equipamentos;;;Ativo;ProStoral;€ 1395.83;Apple;;PS0021202510;27/07/2025;;16/10/2025;16/10/2025
PC Portátil 11, 15.6;PC Portátil Win 11, 15.6 Pulgadas Ordenador Portatil 16Go LPDDR4 RAM 512Go SSD, Celeron N5095 CPU, Desbloqueo Huellas Dactilares/Teclado Retroiluminado, 180° Flip IPS Pantalla, Webcam+BT4.2+USB3.0;Equipamentos;;;Ativo;ProStoral;€ 269.99;AUKABREX;;PS0022202510;27/07/2025;;16/10/2025;16/10/2025
"Monitor de 27""/68.6 FHD 1080p,";"Amazon Basics Monitor de 27""/68.6 cm, FHD 1080p, Max 100 Hz, compatible con VESA, altavoces integrados, Negro";Equipamentos;;;Ativo;ProStoral;€ 81.82;Amazon Basics;;PS0023202510;27/07/2025;;16/10/2025;16/10/2025
"Monitor de 27""/68.6 FHD 1080p,";"Amazon Basics Monitor de 27""/68.6 cm, FHD 1080p, Max 100 Hz, compatible con VESA, altavoces integrados, Negro";Equipamentos;;;Ativo;ProStoral;€ 81.82;Amazon Basics;;PS0024202510;27/07/2025;;16/10/2025;16/10/2025
"Monitor de 27""/68.6 FHD 1080p,";"Amazon Basics Monitor de 27""/68.6 cm, FHD 1080p, Max 100 Hz, compatible con VESA, altavoces integrados, Negro";Equipamentos;;;Ativo;ProStoral;€ 81.82;Amazon Basics;;PS0025202510;27/07/2025;;16/10/2025;16/10/2025
"Monitor de 27""/68.6 FHD 1080p,";"Amazon Basics Monitor de 27""/68.6 cm, FHD 1080p, Max 100 Hz, compatible con VESA, altavoces integrados, Negro";Equipamentos;;;Ativo;ProStoral;€ 81.82;Amazon Basics;;PS0026202510;27/07/2025;;16/10/2025;16/10/2025
Poly - Voyager Focus;Poly - Voyager Focus 2 UC USB-A Headset (Plantronics) - Bluetooth Dual-Ear (Stereo) Headset with Boom Mic - USB-A PC/Mac Compatible - Active Noise Canceling - Works with Teams (Certified), Zoom & more;Equipamentos;;;Ativo;ProStoral;€ 107.07;POLY;;PS0027202510;27/07/2025;;16/10/2025;16/10/2025
XIAOMI TV F 32,;XIAOMI TV F 32, 32 Pulgadas (81 cm), HD, Smart TV, Fire OS7, Control por Voz Alexa, Dolby Audio, DTS Virtual:X, DTS-HD, Compatible con Apple AirPlay, 2025;Equipamentos;;;Ativo;ProStoral;€ 123.14;XIAOMI;;PS0028202510;18/07/2025;;16/10/2025;16/10/2025
Minisopuru MINI4PRO Mini M4 Hub;Minisopuru iExpandMate MINI4PRO Mac Mini M4 Hub con HDMI 4K a 60 Hz, Carcasa para SSD NVMe M.2 de 4 TB, concentrador y Soporte para Mac Mini M4 y M4 Pro 2024 (Soporte TF/SD, 3 x USB-A 2.0, Audio);Equipamentos;;;Ativo;ProStoral;€ 74.29;minisopuru;;PS0029202510;13/07/2025;;16/10/2025;16/10/2025
Apple Mac Mini Ordenador;Apple Mac Mini Ordenador de Mesa con Chip M4, CPU de 10 núcleos y GPU de 10 núcleos: diseñado para Apple Intelligence,24 GB de Memoria unificada, SSD de 512GB, Gigabit Ethernet;Equipamentos;;;Ativo;ProStoral;€ 883.47;Apple;;PS0030202510;13/07/2025;;16/10/2025;16/10/2025
Enterprise ST12000NM0127 - Disco duro;Seagate Enterprise Capacity v7 ST12000NM0127 - Disco duro (12 TB, interno, 3,5 pulgadas, SATA 6 Gb/s, 7200 RPM, caché de 256 MB);Equipamentos;;;Ativo;ProStoral;€ 142.02;Seagate;;PS0031202510;07/07/2025;;16/10/2025;16/10/2025
BETIME Bandeja Móvil Mayo;BETIME Bandeja Móvil Mayo Soporte Carretilla De Acero Inoxidable Altura Ajustable Médico Médico Tatuaje SPA Equipo De Salón Cuidado Personal Salón De Tatuajes;Equipamentos;;;Ativo;ProStoral;€ 179.99;BETIME;;PS0032202510;07/07/2025;;16/10/2025;16/10/2025
Apple 2025 MacBook Air;"Apple 2025 MacBook Air de 13 Pulgadas con Chip M4: diseñado para Apple Intelligence, Pantalla Liquid Retina de 13,6 Pulgadas, 16 GB de Memoria unificada, 256 GB SSD, Teclado español; Blanco Estrella";Equipamentos;;;Ativo;ProStoral;€ 825.62;Apple;;PS0033202510;07/07/2025;;16/10/2025;16/10/2025
Apple 2025 MacBook Air;"Apple 2025 MacBook Air de 13 Pulgadas con Chip M4: diseñado para Apple Intelligence, Pantalla Liquid Retina de 13,6 Pulgadas, 16 GB de Memoria unificada, 256 GB SSD, Teclado español; Blanco Estrella";Equipamentos;;;Ativo;ProStoral;€ 825.62;Apple;;PS0034202510;07/07/2025;;16/10/2025;16/10/2025
Apple 2025 MacBook Air;"Apple 2025 MacBook Air de 13 Pulgadas con Chip M4: diseñado para Apple Intelligence, Pantalla Liquid Retina de 13,6 Pulgadas, 16 GB de Memoria unificada, 256 GB SSD, Teclado español; Blanco Estrella";Equipamentos;;;Ativo;ProStoral;€ 825.62;Apple;;PS0035202510;07/07/2025;;16/10/2025;16/10/2025
Poly 4320 UC y soporte;Auriculares inalámbricos Poly Voyager 4320 UC y soporte de carga - Audífonos estéreo con micrófono de brazo con cancelación de ruido - Conexión Bluetooth a PC/Mac/teléfono móvil - Teams (certificado);Equipamentos;;;Ativo;ProStoral;€ 140.49;POLY;;PS0036202510;28/06/2025;;16/10/2025;16/10/2025
iPhone SE (2.ª Gen), Negro;Apple iPhone SE (2.ª Gen), 64GB, Negro (Reacondicionado);Equipamentos;;;Ativo;ProStoral;€ 128.69;Apple;;PS0037202510;28/06/2025;;16/10/2025;16/10/2025
Plantronics Voyager 5200UC Wireless;Plantronics Voyager 5200UC Wireless Headset & Charging Cradle (Poly), Auricular Bluetooth de un solo oído (mono) con micrófono con cancelación de ruido - se conecta al móvil/mac/PC mediante Bluetooth;Equipamentos;;;Ativo;ProStoral;€ 123.96;POLY;;PS0038202510;27/06/2025;;16/10/2025;16/10/2025
Plantronics Voyager 5200UC Wireless;Plantronics Voyager 5200UC Wireless Headset & Charging Cradle (Poly), Auricular Bluetooth de un solo oído (mono) con micrófono con cancelación de ruido - se conecta al móvil/mac/PC mediante Bluetooth;Equipamentos;;;Ativo;ProStoral;€ 123.96;POLY;;PS0039202510;27/06/2025;;16/10/2025;16/10/2025
NEEWER Actualizado NW635II-C TTL;NEEWER Actualizado NW635II-C TTL Cámara Flash Speedlite con Pantalla LCD, Compatible con Canon EOS R6 R5 R3 R M6 850D 800D 760D 750D 650D 600D 7D Mark II 7D 6D Mark II 6D 5D Mark IV/III 1D Mark III;Equipamentos;;;Ativo;ProStoral;€ 86.35;NEEWER;;PS0040202510;17/06/2025;;16/10/2025;16/10/2025
YONGNUO YN560 Speedlite;YONGNUO YN560 IV 2.4GHZ Speedlite Flash Transceptor Inalámbrico Integrado para Canon Nikon Panasonic Pentax Cámara;Equipamentos;;;Ativo;ProStoral;€ 87.60;Yongnuo;;PS0041202510;17/06/2025;;16/10/2025;16/10/2025
de Techo con luz，Motor DC;activeallbrite Ventilador de Techo con luz，Motor DC 20W LED 40W, RGB 3000K-6500K ，Velocidad del Viento ajustable con Control Remoto, Adecuado Para 10㎡-13㎡ Cocina, Sala de estar, Dormitorio，Ø47CM;Equipamentos;;;Ativo;ProStoral;€ 89.99;activeallbrite;;PS0042202510;16/06/2025;;16/10/2025;16/10/2025
COMFEE Pingüino Portátil 7000 BTU/1800;COMFEE Pingüino Aire Acondicionado Portátil 7000 BTU/1800 Frigorías Breezy Cool Pro - Climatizador sin unidad exterior, Bajo Consumo, App Control y Kit de Ventana - Refrigera, Ventila y Deshumidifica;Equipamentos;;;Ativo;ProStoral;€ 190.07;Comfee;;PS0043202510;12/06/2025;;16/10/2025;16/10/2025
COMFEE Pingüino Portátil 7000 BTU/1800;COMFEE Pingüino Aire Acondicionado Portátil 7000 BTU/1800 Frigorías Breezy Cool Pro - Climatizador sin unidad exterior, Bajo Consumo, App Control y Kit de Ventana - Refrigera, Ventila y Deshumidifica;Equipamentos;;;Ativo;ProStoral;€ 190.07;Comfee;;PS0044202510;12/06/2025;;16/10/2025;16/10/2025
COMFEE Pingüino Portátil 7000 BTU/1800;COMFEE Pingüino Aire Acondicionado Portátil 7000 BTU/1800 Frigorías Breezy Cool Pro - Climatizador sin unidad exterior, Bajo Consumo, App Control y Kit de Ventana - Refrigera, Ventila y Deshumidifica;Equipamentos;;;Ativo;ProStoral;€ 190.07;Comfee;;PS0045202510;12/06/2025;;16/10/2025;16/10/2025
Poly Voyager Focus 2;Poly Voyager Focus 2 - Auricular inalámbrico Bluetooth, cancelación de ruido, 25 horas autonomía, USB-C y adaptador USB-A, negro;Equipamentos;;;Ativo;ProStoral;€ 173.55;POLY;;PS0046202510;26/05/2025;;16/10/2025;16/10/2025
Logitech MX Master 3S;Logitech MX Master 3S para Mac, ratón inalámbrico Bluetooth con desplazamiento ultrarrápido, ergonómico, 8K DPI, seguimiento de cristal, clics silenciosos, USB-C, Apple, iPad, gris espacial;Equipamentos;;;Ativo;ProStoral;€ 80.58;Logitech;;PS0047202510;26/05/2025;;16/10/2025;16/10/2025
Potente de cilindro sin;Amazon Basics Potente aspirador de cilindro sin bolsa, para suelos duros y alfombras, filtro HEPA, compacto y ligero, 700 W, 2.0 L (UE), Negro/Azul;Equipamentos;;;Ativo;ProStoral;€ 55.93;Amazon Basics;;PS0048202510;05/05/2025;;16/10/2025;16/10/2025
Comfee' RCD93BL2EURT(E) 93L, Retro;Comfee' RCD93BL2EURT(E) Refrigerador Bajo Encimera, 93L, Refrigerador Retro Independiente con Compartimento Enfriador, Termostatos Ajustables, Luz LED, Negro;Equipamentos;;;Ativo;ProStoral;€ 115.69;Comfee;;PS0049202510;05/05/2025;;16/10/2025;16/10/2025
iPhone SE Gen (Product) Red;Apple iPhone SE 3ra Gen 64GB, (Product) Red (Reacondicionado);Equipamentos;;;Ativo;ProStoral;€ 180.97;Apple;;PS0050202510;21/04/2025;;16/10/2025;16/10/2025
HP EliteDesk 800 G3 Mini;HP EliteDesk 800 G3 Mini PC Ordenador de sobremesa Intel i5-6400T RAM 8GB SSD 240GB Windows 10 Pro (reacondicionado);Equipamentos;;;Ativo;ProStoral;€ 101.65;HP;;PS0051202510;21/04/2025;;16/10/2025;16/10/2025
Pro portátil con Chip M4;Apple MacBook Pro portátil con Chip M4 MAX, CPU 14 núcleos, GPU 32 núcleos: diseñado para Apple Intelligence, Pantalla Liquid Retina XDR 16,2″, 36 GB Memoria unificada, 1 TB de SSD, Negro Espacial;Equipamentos;;;Ativo;ProStoral;€ 3139.67;Apple;;PS0052202510;15/04/2025;;16/10/2025;16/10/2025
Cooler Master MasterLiquid 240L;Cooler Master MasterLiquid 240L Core ARGB Refrigeración Líquida para CPU - Bomba de Doble Cámara Gen S, Radiador y Ventiladores 120mm ARGB, Brackets LGA 1700 y AM5 - Negro;Equipamentos;;;Ativo;ProStoral;€ 62.80;Cooler Master;;PS0053202510;21/03/2025;;16/10/2025;16/10/2025
85 Soporte de Escritorio;Jabra Evolve2 85 Soporte de Carga para Escritorio - Base de Carga para Auriculares USB-C - Negro;Equipamentos;;;Ativo;ProStoral;€ 93.52;Jabra;;PS0054202510;20/03/2025;;16/10/2025;16/10/2025
UBIQUITI UNIFI Flex Mini 5;Switch UBIQUITI USW-Flex-Mini UNIFI Switch Flex Mini 5 Puertos Pack 3 UND;Equipamentos;;;Ativo;ProStoral;€ 94.37;Ubiquiti;;PS0055202510;18/03/2025;;16/10/2025;16/10/2025
NZXT PSU C1200 -;NZXT PSU C1200 - PA-2G1BB-EU - Fuente de alimentación de 1200 vatios para PC de Gaming ATX - Certificado 80 Plus Gold - Totalmente Modular - Cables enfundados Negros - 10 años de garantía - Negra;Equipamentos;;;Ativo;ProStoral;€ 131.40;NZXT;;PS0056202510;17/03/2025;;16/10/2025;16/10/2025
WOLTU Silla Gaming Ergonómica,;WOLTU Silla Gaming Ergonómica, Silla Oficina con Soporte Lumbar Masaje y Reposapiés Extraible, Silla Giratoria con Gran Asiento de Muelle, Capacidad de 150 kg, Tela de Malla, Gris+Amarillo, GS08gr;Equipamentos;;;Ativo;ProStoral;€ 132.22;WOLTU;;PS0057202510;17/03/2025;;16/10/2025;16/10/2025
"- Monitor juegos de 24""/61";"Amazon Basics - Monitor para juegos de 24""/61 cm, FHD 1080p, 165 Hz, compatible con VESA, sincronización adaptativa, respuesta de 1 ms, Negro";Equipamentos;;;Ativo;ProStoral;€ 98.35;Amazon Basics;;PS0058202510;17/03/2025;;16/10/2025;16/10/2025
de Dibujo de Escritorio;Vinsetto Silla de Dibujo Giratoria Silla de Escritorio Silla Alta con Respaldo Medio Soporte Lumbar Reposabrazos Abatibles Altura Ajustable Carga 120 kg 59x59x95-115 cm Negro;Equipamentos;;;Ativo;ProStoral;€ 80.14;Vinsetto;;PS0059202510;17/03/2025;;16/10/2025;16/10/2025
- Monitor Full HD de;Philips 24E1N1100A - Monitor Full HD de 24 Pulgadas, Integrado Altavoz, Tiempo de Respuesta de 1 ms (1920x1080, 100 Hz, VGA, HDMI 1.4) Negro;Equipamentos;;;Ativo;ProStoral;€ 69.42;Philips;;PS0060202510;10/03/2025;;16/10/2025;16/10/2025
Technology Duro Interno,;"Seagate Technology IronWolf, 6TB, NAS,Disco Duro Interno, HDD, CMR 3.5""SATA 6 GB/s,5400 RPM, caché de 256 MB para Almacenamiento Conectado a Red Raid, 3 años de Rescue,Paquete Abre-fácil(ST6000VNZ06)";Equipamentos;;;Ativo;ProStoral;€ 148.75;Seagate Technology;;PS0061202510;08/03/2025;;16/10/2025;16/10/2025
Jabra Evolve2 85 Auriculares;Jabra Evolve2 85 Auriculares Inalámbricos Estéreo con Cancelación de Ruido - Certificados para plataformas UC - Batería de Larga Duración - Adaptador Bluetooth USB-C - Negro;Equipamentos;;;Ativo;ProStoral;€ 210.57;Jabra;;PS0062202510;08/03/2025;;16/10/2025;16/10/2025
Jabra Evolve2 65 Auriculares;Jabra Evolve2 65 Auriculares Inalámbricos Estéreo PC con Cancelación de Ruido - Certificados para Microsoft Teams - Batería de Larga Duración - Adaptador Bluetooth USB-A - Negro;Equipamentos;;;Ativo;ProStoral;€ 160.45;Jabra;;PS0063202510;07/03/2025;;16/10/2025;16/10/2025
Auricular inalámbrico Poly Voyager;Auricular inalámbrico Poly Voyager Focus 2 UC con micrófono y soporte de carga - Anulación activa de ruido (ANC) - Conexión Bluetooth a PC/dispositivo móvil - Funciona con Teams (certificado) y Zoom;Equipamentos;;;Ativo;ProStoral;€ 160.00;Plantronics;;PS0064202510;07/03/2025;;16/10/2025;16/10/2025
Auricular inalámbrico Poly Voyager;Auricular inalámbrico Poly Voyager Focus 2 UC con micrófono y soporte de carga - Anulación activa de ruido (ANC) - Conexión Bluetooth a PC/dispositivo móvil - Funciona con Teams (certificado) y Zoom;Equipamentos;;;Ativo;ProStoral;€ 144.65;Plantronics;;PS0065202510;04/03/2025;;16/10/2025;16/10/2025
KIT Puerta Corredera BRAVO500;KIT Puerta Corredera BRAVO500;Equipamentos;;;Ativo;ProStoral;€ 219.75;Motorline;;PS0066202510;04/03/2025;;16/10/2025;16/10/2025
S Trio Cochecito 3 0;Maxi-Cosi Zelia S Trio Cochecito 3 Piezas, 0 - 4 Años, hasta 22 kg, Plegable, Compacto y Reclinable Silla de Paseo, con CabrioFix S i-Size Coche Bebé, Accesorios, Gris Oscuro;Equipamentos;;;Ativo;ProStoral;€ 273.64;Maxi-Cosi;;PS0067202510;26/02/2025;;16/10/2025;16/10/2025
Silicon Power 2-Pack 1TB;"Silicon Power 2-Pack 1TB SSD 3D NAND A55 SLC Cache Performance Boost SATA III 2.5"" 7mm (0.28"") Internal Solid State Drive";Equipamentos;;;Ativo;ProStoral;€ 84.29;Silicon Power;;PS0068202510;15/02/2025;;16/10/2025;16/10/2025
Green Cell® SAI Sistema;Green Cell® SAI Sistema de alimentación ininterrumpida UPS Potencia 2000VA (1400W) 230V Fuente de alimentación Continua Line Interactive AVR Onda sinusoidal Pura USB/RJ45 2X Schuko 3X IEC Tomas | LCD;Equipamentos;;;Ativo;ProStoral;€ 198.31;Green Cell;;PS0069202510;14/02/2025;;16/10/2025;16/10/2025
Black+Decker 2-en-1 Carro y;Black+Decker 2-en-1 Carro y Caretilla Plegable - Carretilla de Carga MAX. 55KG - Caretilla de Mano MAX. 120KG - Carro Plataforma con Ruedas Robustas - Plástico/Acero;Equipamentos;;;Ativo;ProStoral;€ 70.24;Black+Decker;;PS0070202510;14/02/2025;;16/10/2025;16/10/2025
"- Monitor juegos de 27""/68.6";"Amazon Basics - Monitor para juegos de 27""/68.6 cm, FHD 1080p, 165 Hz, compatible con VESA, sincronización adaptativa, respuesta de 1 ms, Negro";Equipamentos;;;Ativo;ProStoral;€ 126.09;Amazon Basics;;PS0071202510;13/02/2025;;16/10/2025;16/10/2025
FanGoFast Extractor de Aire;FanGoFast Extractor de Aire 100 mm con Controlador Ajustable, 230V En Línea Ventilador Extractor de Conducto con enchufe IEC para Baño, Booster, tienda de cultivo, Garage, Cucina;Equipamentos;;;Ativo;ProStoral;€ 57.89;FanGoFast;;PS0072202510;12/02/2025;;16/10/2025;16/10/2025
FanGoFast Extractor de Aire;FanGoFast Extractor de Aire 100 mm con Controlador Ajustable, 230V En Línea Ventilador Extractor de Conducto con enchufe IEC para Baño, Booster, tienda de cultivo, Garage, Cucina;Equipamentos;;;Ativo;ProStoral;€ 57.89;FanGoFast;;PS0073202510;12/02/2025;;16/10/2025;16/10/2025
Aygrochy 200mm Ventilador de;Aygrochy 200mm Ventilador de extracción ajustable, Ventilador Extractor de Aire con controlador de velocidad variable para Baño, Sótano, Garaje, Cocina, Tente de Culture Hydroponique;Equipamentos;;;Ativo;ProStoral;€ 108.32;Aygrochy;;PS0074202510;12/02/2025;;16/10/2025;16/10/2025
"Tech FHD Google 32"" (80";"Smart Tech 32FG01V, FHD Google TV, 32"" (80 cm)";Equipamentos;;;Ativo;ProStoral;€ 163.70;Smart Tech;;PS0075202510;10/02/2025;;16/10/2025;16/10/2025
Synology DS224+ 2 Dekstop;Synology DiskStation DS224+ 2 Bay Dekstop NAS;Equipamentos;;;Ativo;ProStoral;€ 304.96;Synology;;PS0076202510;04/02/2025;;16/10/2025;16/10/2025
Ubiquiti - UniFi 16 Puertos;Ubiquiti - Conmutador UniFi (USW-Lite-16-PoE, 16 Puertos Gigabit Ethernet, 8 Puertos PoE+, Montaje en Pared);Equipamentos;;;Ativo;ProStoral;€ 210.05;Ubiquiti;;PS0077202510;03/02/2025;;16/10/2025;16/10/2025
LG 29WQ500-B - Monitor;"LG 29WQ500-B - Monitor Ultrawide, Panel IPS, 29"", (2560x1080), 21:9, 100 Hz, 5ms, Clasificación E, HDR10 +, Tecnología AMD FreeSync, Black Stabilizer, Gris";Equipamentos;;;Ativo;ProStoral;€ 123.96;LG;;PS0078202510;30/01/2025;;16/10/2025;16/10/2025
Hoover H-FREE 100 ESPECIAL;Hoover H-FREE 100 ESPECIAL MASCOTAS HF122GPT Aspiradora Escoba sin Cable, sin Bolsa, 3 en 1: Escoba, de Mano y Vertical, Cepillo Mascotas y Tapicerías, Autonomía 40min, Posición Parking, 6500Pa;Equipamentos;;;Ativo;ProStoral;€ 90.08;Hoover;;PS0079202510;30/01/2025;;16/10/2025;16/10/2025
Amazon Basics - Cable;Amazon Basics - Cable adaptador DisplayPort a HDMI (1.8 m), Paquete de 10, Negro;Equipamentos;;;Ativo;ProStoral;€ 62.52;Amazon Basics;;PS0080202510;21/01/2025;;16/10/2025;16/10/2025
UBIQUITI UNIFI Flex Mini 5;Switch UBIQUITI USW-Flex-Mini UNIFI Switch Flex Mini 5 Puertos Pack 3 UND;Equipamentos;;;Ativo;ProStoral;€ 89.37;Ubiquiti;;PS0081202510;11/12/2024;;16/10/2025;16/10/2025
Rcynview 2 Silla de;Rcynview 2 Silla de Oficina Sin Reposabrazos con Soporte Lumbar, Taburete Ruedas Silla Ergonomica Escritorio Taburetes Cocina Giratorio Ajustable, Silla Tocador Manicura para Estudio Oficina, Negro;Equipamentos;;;Ativo;ProStoral;€ 76.00;Rcynview;;PS0082202510;08/12/2024;;16/10/2025;16/10/2025
Apple iPhone 16 Pro;"Apple iPhone 16 Pro MAX de 1 TB: Smartphone 5G con Control de Cámara, grabación en 4K a 120 f/s con Dolby Vision y un Gran Salto en autonomía. Compatible con los AirPods; Titanio Color Desierto";Equipamentos;;;Ativo;ProStoral;€ 1619.01;Apple;;PS0083202510;08/12/2024;;16/10/2025;16/10/2025
Apple iPhone 16 Pro;"Apple iPhone 16 Pro MAX de 1 TB: Smartphone 5G con Control de Cámara, grabación en 4K a 120 f/s con Dolby Vision y un Gran Salto en autonomía. Compatible con los AirPods; Titanio Color Desierto";Equipamentos;;;Ativo;ProStoral;€ 1619.01;Apple;;PS0084202510;08/12/2024;;16/10/2025;16/10/2025
TD Systems - Smart;TD Systems - Smart TV 32 Pulgadas, Television TDT HD, Android 11 ATV, Modelo 2024, Televisor con 3 años de garantía - PRIME32C19GLE;Equipamentos;;;Ativo;ProStoral;€ 129.89;TD Systems;;PS0085202510;08/12/2024;;16/10/2025;16/10/2025
HP EliteDesk 800 G3 Mini;HP EliteDesk 800 G3 Mini PC Ordenador de sobremesa Intel i5-6400T RAM 8GB SSD 240GB Windows 10 Pro (reacondicionado);Equipamentos;;;Ativo;ProStoral;€ 125.00;HP;;PS0086202510;08/12/2024;;16/10/2025;16/10/2025
HP EliteDesk 800 G3 Mini;HP EliteDesk 800 G3 Mini PC Ordenador de sobremesa Intel i5-6400T RAM 8GB SSD 240GB Windows 10 Pro (reacondicionado);Equipamentos;;;Ativo;ProStoral;€ 125.00;HP;;PS0087202510;08/12/2024;;16/10/2025;16/10/2025
HP EliteDesk 800 G3 Mini;HP EliteDesk 800 G3 Mini PC Ordenador de sobremesa Intel i5-6400T RAM 8GB SSD 240GB Windows 10 Pro (reacondicionado);Equipamentos;;;Ativo;ProStoral;€ 125.00;HP;;PS0088202510;08/12/2024;;16/10/2025;16/10/2025
MSI Pro Monitor de 23,8';MSI Pro MP245V Monitor Profesional, de 23,8' FHD, 1920 x 1080, 100 Hz, VA, Plano, Anti-Glare, 16:9, 300 nits, Negro;Equipamentos;;;Ativo;ProStoral;€ 79.17;MSI;;PS0089202510;08/12/2024;;16/10/2025;16/10/2025
MSI Pro Monitor de 23,8';MSI Pro MP245V Monitor Profesional, de 23,8' FHD, 1920 x 1080, 100 Hz, VA, Plano, Anti-Glare, 16:9, 300 nits, Negro;Equipamentos;;;Ativo;ProStoral;€ 79.17;MSI;;PS0090202510;08/12/2024;;16/10/2025;16/10/2025
Technology Disco Duro;"Seagate Technology IronWolf,2 TB, NAS, Disco Duro Interno,HDD,CMR 3.5"" SATA 6 GB/s,5900 RPM, caché de 256 MB para Almacenamiento Conectado a Red Raid,3 años de Rescue,Paquete Abre-fácil (ST2000VNZ03)";Equipamentos;;;Ativo;ProStoral;€ 80.98;Seagate Technology;;PS0091202510;08/12/2024;;16/10/2025;16/10/2025
Seagate IronWolf Pro, 8;Seagate IronWolf Pro, 8 TB, Enterprise HDD NAS interno - CMR, SATA a 6 Gb/s, 7200 RPM, caché de 256 MB para almacenamiento conectado a red RAID, servicios Rescue, Paquete Abre-fácil (ST8000NTZ01);Equipamentos;;;Ativo;ProStoral;€ 199.17;Seagate Technology;;PS0092202510;08/12/2024;;16/10/2025;16/10/2025
MSI Pro Monitor de 23,8';MSI Pro MP245V Monitor Profesional, de 23,8' FHD, 1920 x 1080, 100 Hz, VA, Plano, Anti-Glare, 16:9, 300 nits, Negro;Equipamentos;;;Ativo;ProStoral;€ 79.17;MSI;;PS0093202510;08/12/2024;;16/10/2025;16/10/2025
Poly Voyager 5200UC Wireless;Poly Voyager 5200UC Wireless Headset & Charging Cradle (Plantronics), Auricular de un solo oído (mono) con micrófono con cancelación de ruido - se conecta al móvil/mac/PC mediante Bluetooth;Equipamentos;;;Ativo;ProStoral;€ 107.43;POLY;;PS0094202510;06/12/2024;;16/10/2025;16/10/2025
Poly Voyager 5200UC Wireless;Poly Voyager 5200UC Wireless Headset & Charging Cradle (Plantronics), Auricular de un solo oído (mono) con micrófono con cancelación de ruido - se conecta al móvil/mac/PC mediante Bluetooth;Equipamentos;;;Ativo;ProStoral;€ 107.43;POLY;;PS0095202510;05/12/2024;;16/10/2025;16/10/2025
UBIQUITI UNIFI 24 SFP GEN2;Switch UBIQUITI USW-24 UNIFI Switch 24 SFP GEN2;Equipamentos;;;Ativo;ProStoral;€ 220.22;Ubiquiti;;PS0096202510;05/12/2024;;16/10/2025;16/10/2025
StarTech.com Rack de Servidores;StarTech.com Rack de Servidores Abierto de 15U de Pared - de 19 Pulgadas - de 2 Columnas - de Profundidad Ajustable - para Equipo de Redes - AV - de Servicio Pesado (RK15WALLOA);Equipamentos;;;Ativo;ProStoral;€ 155.26;StarTech.com;;PS0097202510;05/12/2024;;16/10/2025;16/10/2025
HP EliteDesk 800 G3 Mini;HP EliteDesk 800 G3 Mini PC Ordenador de sobremesa Intel i5-6400T RAM 8GB SSD 240GB Windows 10 Pro (reacondicionado);Equipamentos;;;Ativo;ProStoral;€ 125.00;HP;;PS0098202510;03/12/2024;;16/10/2025;16/10/2025
JOISCOPE Escalera Plegable de;JOISCOPE Escalera Plegable de 3 peldaños, Escalera de Tijera, Alfombra de Goma Antideslizante, Escalera de Acero para el hogar y la Oficina, Negra;Equipamentos;;;Ativo;ProStoral;€ 63.99;JOISCOPE;;PS0099202510;20/11/2024;;16/10/2025;16/10/2025
X9 Portátil, 1050MB/s,;Crucial X9 SSD 2TB Portátil, Hasta 1050MB/s, Compatible con PC, Mac, PlayStation y Xbox, Disco Duro Sólido Externo SSD, USB-C 3.2 - CT2000X9SSD902;Equipamentos;;;Ativo;ProStoral;€ 111.56;Crucial;;PS0100202510;14/11/2024;;16/10/2025;16/10/2025
X9 Portátil, 1050MB/s,;Crucial X9 SSD 2TB Portátil, Hasta 1050MB/s, Compatible con PC, Mac, PlayStation y Xbox, Disco Duro Sólido Externo SSD, USB-C 3.2 - CT2000X9SSD902;Equipamentos;;;Ativo;ProStoral;€ 111.56;Crucial;;PS0101202510;14/11/2024;;16/10/2025;16/10/2025
Apple Mac Mini Ordenador;Apple Mac Mini Ordenador de Mesa con Chip M4, CPU de 10 núcleos y GPU de 10 núcleos: diseñado para Apple Intelligence, 16 GB de Memoria unificada, SSD de 256GB, Gigabit Ethernet;Equipamentos;;;Ativo;ProStoral;€ 594.21;Apple;;PS0102202510;12/11/2024;;16/10/2025;16/10/2025
iPhone SE Gen, Negro -;Apple iPhone SE 2a Gen, 64GB, Negro - (Reacondicionado);Equipamentos;;;Ativo;ProStoral;€ 116.98;Apple;;PS0103202510;04/11/2024;;16/10/2025;16/10/2025
OUKITEL WP32 Móvil Rugerizado;OUKITEL WP32 Móvil Rugerizado - 6.0'' HD+ Pulgadas Movil Irrompible, Batería 6300mAh, 12GB+128GB(TF 1TB) Octa-Core Movil Todoterreno Android 13, 20MP+5MP, 3.5 mm, BT5.0, 90dB Altavoz, NFC, Verde;Equipamentos;;;Ativo;ProStoral;€ 100.09;OUKITEL;;PS0104202510;09/10/2024;;16/10/2025;16/10/2025
OUKITEL WP32 Móvil Rugerizado;OUKITEL WP32 Móvil Rugerizado - 6.0'' HD+ Pulgadas Movil Irrompible, Batería 6300mAh, 12GB+128GB(TF 1TB) Octa-Core Movil Todoterreno Android 13, 20MP+5MP, 3.5 mm, BT5.0, 90dB Altavoz, NFC, Verde;Equipamentos;;;Ativo;ProStoral;€ 100.09;OUKITEL;;PS0105202510;09/10/2024;;16/10/2025;16/10/2025
Loupedeck Live S: la;Loupedeck Live S: la Consola de transmisión para productividad de Escritorio, Control de Flujo Completo y creación de Contenido con Botones LED Personalizables de Pantalla táctil, diales y Botones;Equipamentos;;;Ativo;ProStoral;€ 131.40;Loupedeck;;PS0106202510;09/10/2024;;16/10/2025;16/10/2025
de Dibujo de Escritorio;Vinsetto Silla de Dibujo Giratoria Silla de Escritorio Alta con Respaldo Medio Soporte Lumbar Reposabrazos Abatibles Altura Ajustable Carga 120 kg 59x65x102-122 cm Negro;Equipamentos;;;Ativo;ProStoral;€ 97.48;Vinsetto;;PS0107202510;07/10/2024;;16/10/2025;16/10/2025
LUOLONG Lámpara de pared;LUOLONG Lámpara de pared larga LED, lámpara de pared para Villa, lámpara de pared del porche, luces de pared impermeables IP65 para exteriores, lámpara de pared larga negra-150CM,Warmes Licht;Equipamentos;;;Ativo;ProStoral;€ 117.64;LUOLONG;;PS0108202510;06/10/2024;;16/10/2025;16/10/2025
MasterPro Giro 3 |;MasterPro Giro 3 | Juego de Sartenes Antiadherentes de 20, 24 y 28cm con Protectores | Triple Capa de Acero Inoxidable y Aluminio Forjado | Mango Ergonómico | Acero Inoxidable | Todo Tipo de Cocinas;Equipamentos;;;Ativo;ProStoral;€ 113.22;MasterPro;;PS0109202510;29/09/2024;;16/10/2025;16/10/2025
MasterPro Giro 3 |;MasterPro Giro 3 | Juego de Sartenes Antiadherentes de 20, 24 y 28cm con Protectores | Triple Capa de Acero Inoxidable y Aluminio Forjado | Mango Ergonómico | Acero Inoxidable | Todo Tipo de Cocinas;Equipamentos;;;Ativo;ProStoral;€ 113.22;MasterPro;;PS0110202510;29/09/2024;;16/10/2025;16/10/2025
iPhone SE Gen, Negro -;Apple iPhone SE 2a Gen, 64GB, Negro - (Reacondicionado);Equipamentos;;;Ativo;ProStoral;€ 145.90;Apple;;PS0111202510;28/09/2024;;16/10/2025;16/10/2025
Nuroum con Micrófono Boom,;Nuroum OW20B Auriculares Inalámbricos con Micrófono Boom, Bluetooth 5.3/Función de Silencio/Conexión Multipunto para PC/Portátil/Teléfono, 15 Horas de Comodidad para Conducir/Trabajo/Entrenar/Llamadas;Equipamentos;;;Ativo;ProStoral;€ 63.39;Nuroum;;PS0112202510;28/09/2024;;16/10/2025;16/10/2025
SMALLRIG Softbox Parabólico (RA-D55),;SMALLRIG Softbox Parabólico (RA-D55), 55 cm de diámetro Paraguas Softbox ligero parabólico de liberación rápida, para SMALLRIG RC 120D/RC 120B/RC 220D/RC 220B y otras lámparas de montaje Bowens - 3585;Equipamentos;;;Ativo;ProStoral;€ 86.64;SMALLRIG;;PS0113202510;23/09/2024;;16/10/2025;16/10/2025
pro 2X Trípode de con;"Walimex pro 2X Trípode de lámpara con amortiguación de muelle altura máx 256cm de luz estable cargable hasta 6kg I de iluminación para luz anular, reflector, flash y vídeo adaptador de 3/8"" y 3 bolsas";Equipamentos;;;Ativo;ProStoral;€ 61.90;walimex pro;;PS0114202510;23/09/2024;;16/10/2025;16/10/2025
SMALLRIG RC 220B 220W;SMALLRIG RC 220B 220W luz Continua fotografia Bicolor 2700K-6500K 84500 Lux@3.3ft (1M) Lluminación Continua CRI 95+ TLCI 96+ con Montura Bowens, Control Manual y de Aplicación de Forma Remota - 3621;Equipamentos;;;Ativo;ProStoral;€ 323.99;SMALLRIG;;PS0115202510;23/09/2024;;16/10/2025;16/10/2025
MASKO® Andamio, Andamio ✓;MASKO® Andamio, Andamio ✓ Aluminio ✓ Escalera ✓ Plataforma de trabajo, Capacidad de carga hasta 150 KG, Revestimiento antideslizante, Escalera de andamio, Comprobado GS (EN 131), Negro;Equipamentos;;;Ativo;ProStoral;€ 124.20;Masko;;PS0116202510;22/09/2024;;16/10/2025;16/10/2025
Apple iPhone 16 Pro;Apple iPhone 16 Pro (1 TB) - Titanio Natural;Equipamentos;;;Ativo;ProStoral;€ 1528.10;Apple;;PS0117202510;22/09/2024;;16/10/2025;16/10/2025
/ 21 Inch/Intel Core i5;Apple iMac / 21 Inch/Intel Core i5 (4 Core) 2.8 GHz (Turbo Boost 3.3 GHz) / RAM 16 GB/Fushion Drive 1TB / MK442LL / A Original APPLE Keyboard and Mouse (Reacondicionado);Equipamentos;;;Ativo;ProStoral;€ 299.00;Apple;;PS0118202510;21/09/2024;;16/10/2025;16/10/2025
Osprey 55 de Hombre excursiones,;Osprey Aether 55 Mochila de Hombre para excursiones, Negro (Black), Talla S/M;Equipamentos;;;Ativo;ProStoral;€ 189.98;Osprey;;PS0119202510;20/09/2024;;16/10/2025;16/10/2025
TD Systems - Smart;TD Systems - Smart TV 32 Pulgadas, Hey Google Chromecast, Television TDT HD, Android 11, Modelo 2024, Televisor con 3 años de garantía - PRIME32C19GLE;Equipamentos;;;Ativo;ProStoral;€ 139.00;TD Systems;;PS0120202510;19/09/2024;;16/10/2025;16/10/2025
Aspirador De Polvo De;Aspirador De Polvo De Bajo Ruido De 230W, Equipo De Laboratorio Dental Colector De Polvo De Alta Potencia De Velocidad Ajustable con Succión Fuerte Y Ligera;Equipamentos;;;Ativo;ProStoral;€ 112.10;DZTBX;;PS0121202510;09/09/2024;;16/10/2025;16/10/2025
2022 Portátil con Chip;Apple 2022 Ordenador Portátil MacBook Air con Chip M2 Pantalla Liquid Retina de 13,6 Pulgadas, 8GB de RAM, 256 GB de Almacenamiento SSD, Teclado retroiluminado, Color Blanco Estrella;Equipamentos;;;Ativo;ProStoral;€ 990.91;Apple;;PS0122202510;26/08/2024;;16/10/2025;16/10/2025
2022 Portátil con Chip;Apple 2022 Ordenador Portátil MacBook Air con Chip M2 Pantalla Liquid Retina de 13,6 Pulgadas, 8GB de RAM, 256 GB de Almacenamiento SSD, Teclado retroiluminado, Color Blanco Estrella;Equipamentos;;;Ativo;ProStoral;€ 990.91;Apple;;PS0123202510;26/08/2024;;16/10/2025;16/10/2025
Yaheetech Silla de Oficina;Yaheetech Silla de Oficina Ergonomica Silla Reposabrazo Ajustable Silla Oficina Trabajo con Reposacabeza Silla Giratoria Negro;Equipamentos;;;Ativo;ProStoral;€ 79.00;Yaheetech;;PS0124202510;16/08/2024;;16/10/2025;16/10/2025
Winrise Silla de oficina;Winrise Silla de oficina Sillas ergonómicas de escritorio con soporte lumbar y brazos abatibles, cómoda y transpirable, silla de ordenador de malla ajustable, silla de escritorio para el hogar, color;Equipamentos;;;Ativo;ProStoral;€ 80.66;Winrise;;PS0125202510;16/08/2024;;16/10/2025;16/10/2025
Amazon Basics - Potente;Amazon Basics - Potente aspirador con bolsa, para suelos duros y alfombras, filtro HEPA, compacto y ligero, 700 W, 1,5 l (UE), Negro;Equipamentos;;;Ativo;ProStoral;€ 67.80;Amazon Basics;;PS0126202510;12/08/2024;;16/10/2025;16/10/2025
DUDUPET Dispensador automático de;DUDUPET Dispensador automático de Comida 5L y Agua para gatos 4L, dispensador de Bebidas para gatos + dispensador de Comida para gatos;Equipamentos;;;Ativo;ProStoral;€ 79.99;DUDUPET;;PS0127202510;26/07/2024;;16/10/2025;16/10/2025
BenQ PD3225U Monitor 32 y;BenQ PD3225U Monitor 32 Pulgadas 4K Mac y diseñadores, 3840x2160 UHD, IPS de 2000:1, Thunderbolt 3, Display P3, DCI-P3, sRGB, Rec.709 y HDR, Hotkey Puck G2, sincronización ICC y KVM;Equipamentos;;;Ativo;ProStoral;€ 826.44;BenQ;;PS0128202510;17/07/2024;;16/10/2025;16/10/2025
Hisense RR106D4CBE- Frigorífico Top,;Hisense RR106D4CBE- Frigorífico Una Puerta, Table Top, Congelador, Class E, Capacidad 82L con 87 cm Alto, Congelador Freeze Zone, Cajón frutas y verduras, Silencioso 36 dBA, Color Negro;Equipamentos;;;Ativo;ProStoral;€ 181.94;Hisense;;PS0129202510;17/07/2024;;16/10/2025;16/10/2025
Logitech MX Master 3S;Logitech MX Master 3S para Mac, ratón inalámbrico Bluetooth con desplazamiento ultrarrápido, ergonómico, 8K DPI, seguimiento de cristal, clics silenciosos, USB-C, Apple, iPad, gris espacial;Equipamentos;;;Ativo;ProStoral;€ 76.02;Logitech;;PS0130202510;23/06/2024;;16/10/2025;16/10/2025
Aygrochy 200mm Ventilador de;Aygrochy 200mm Ventilador de extracción ajustable, Ventilador Extractor de Aire con controlador de velocidad variable de;Equipamentos;;;Ativo;ProStoral;€ 93.70;Aygrochy;;PS0131202510;19/06/2024;;16/10/2025;16/10/2025
Audioengine A2 Plus Haut-parleurs;Audioengine A2 Plus Haut-parleurs Bluetooth Sans Fil pour Ordinateur - SystËme de Haut-parleurs Bluetooth 60W pour la Maison, Le Studio, Le Jeu Avec Bluetooth aptX, AUX et USB DAC |(Rouge, Paire);Equipamentos;;;Ativo;ProStoral;€ 178.38;Audioengine;;PS0132202510;16/06/2024;;16/10/2025;16/10/2025
KLARSTEIN Nevera Pequeña Puerta;KLARSTEIN Nevera Pequeña Puerta Cristal Habitaciones, Nevera Portatil Electrica, Mini Nevera Pequeña para Bebidas, Frigorificos Pequeños 47L, Mini Frigorifico con Estantes, Neveras Pequeñas;Equipamentos;;;Ativo;ProStoral;€ 208.54;KLARSTEIN;;PS0133202510;16/06/2024;;16/10/2025;16/10/2025
Aygrochy 150 mm Ventilador;Aygrochy 150 mm Ventilador Extractor de Aire con regulador de temperatura y humedad, ventilador extractor para Booster, tienda de crecimiento, ventilación y extractor de aire.;Equipamentos;;;Ativo;ProStoral;€ 149.99;Aygrochy;;PS0134202510;16/06/2024;;16/10/2025;16/10/2025
de escritorio de con;Newrays Lámpara de escritorio Banker de vidrio con interruptor de cadena de tracción (Verde);Equipamentos;;;Ativo;ProStoral;€ 58.25;Newrays;;PS0135202510;16/06/2024;;16/10/2025;16/10/2025
KERDOM de Escritorio con;KERDOM Sillas Ergonomicas Oficina, Silla de Escritorio con Soporte Lumbar,Reposacabezas Ajustable, Reposabrazos, Silla 360° Giratoria para computadora,Negro;Equipamentos;;;Ativo;ProStoral;€ 152.52;KERDOM;;PS0136202510;14/06/2024;;16/10/2025;16/10/2025
220V 1500W 6 unidades;220V 1500W 6 unidades Máquinas de hacer gofres eléctricas antiadherentes comerciales Lolly, máquina para hacer gofres crujientes Máquina de gofres profesionales Lolly Waffle Sticks Maíz Hot Dogs;Equipamentos;;;Ativo;ProStoral;€ 173.00;Xian;;PS0137202510;09/06/2024;;16/10/2025;16/10/2025
Primy de de diseño ergonómico;Primy Silla de Oficina Silla de diseño ergonómico Silla giratoria 360° Taburete de Bar con reposapiés Silla para el hogar con reposabrazos Plegables, 300 Libras(Negro);Equipamentos;;;Ativo;ProStoral;€ 106.55;Primy;;PS0138202510;06/06/2024;;16/10/2025;16/10/2025
Logitech MX Master 3S;Logitech MX Master 3S para Mac, ratón inalámbrico Bluetooth con desplazamiento ultrarrápido, ergonómico, 8K DPI, seguimiento de cristal, clics silenciosos, USB-C, Apple, iPad, gris espacial;Equipamentos;;;Ativo;ProStoral;€ 67.91;Logitech;;PS0139202510;06/06/2024;;16/10/2025;16/10/2025
Logitech MX Master 3S;Logitech MX Master 3S para Mac: ratón Bluetooth de desplazamiento ultrarrápido, ergonómico, 8K DPI, seguimiento de cristales, clics silenciosos, USB-C, Apple, iPad, gris pálido;Equipamentos;;;Ativo;ProStoral;€ 66.12;Logitech;;PS0140202510;06/06/2024;;16/10/2025;16/10/2025
Shure MV7+ Podcast Mikrofon-Verbessertes;Shure MV7+ Podcast Mikrofon-Verbessertes Audio, LED-Touchpanel, USB-C- und XLR-Ausgänge, Auto-Level-Modus, digitaler Pop-Filter, Halleffekte, Podcasting, Streaming, Aufnahme - Schwarz;Equipamentos;;;Ativo;ProStoral;€ 271.90;Shure;;PS0141202510;31/05/2024;;16/10/2025;16/10/2025
BALDERIA Chimenea eléctrica 3;BALDERIA Chimenea eléctrica 3 en 1 de pie Leif 40'' | Montaje en Pared o empotrada | Efecto de Llamas 3D | Calefacción de 1800 W | Control Remoto, Inicio programado, Temporizador y termostato | Negro;Equipamentos;;;Ativo;ProStoral;€ 319.99;BALDERIA;;PS0142202510;21/05/2024;;16/10/2025;16/10/2025
HUAWEI FreeClip,Auriculares Inalámbricos Bluetooth,Clip;HUAWEI FreeClip,Auriculares Inalámbricos Bluetooth,Clip Innovador,Open-Ear,Gran Duración de Batería,Cancelación de Ruido en Llamadas por IA,Resistencia IP54 al Polvo y a Salpicaduras de Agua,Negro;Equipamentos;;;Ativo;ProStoral;€ 137.55;HUAWEI;;PS0143202510;15/05/2024;;16/10/2025;16/10/2025
Oversteel - DIAMOND Silla;Oversteel - DIAMOND Silla de Gaming Profesional Polipiel, Reposabrazos 3D, Ajustable en Altura, Reclinable 180º, Pistón Gas Clase 4, Hasta 150Kg, Color Verde;Equipamentos;;;Ativo;ProStoral;€ 96.69;Oversteel;;PS0144202510;01/05/2024;;16/10/2025;16/10/2025
Magic Life Silla de;Magic Life Silla de oficina ergonómica, silla de escritorio ajustable de 4 engranajes, soporte lumbar ajustable con cojín grueso, reposacabezas 3D y cómoda silla de computadora con reposabrazos;Equipamentos;;;Ativo;ProStoral;€ 112.49;Magic Life;;PS0145202510;01/05/2024;;16/10/2025;16/10/2025
Magic Life Silla de;Magic Life Silla de oficina ergonómica, silla de escritorio ajustable de 4 engranajes, soporte lumbar ajustable con cojín grueso, reposacabezas 3D y cómoda silla de computadora con reposabrazos;Equipamentos;;;Ativo;ProStoral;€ 112.49;Magic Life;;PS0146202510;01/05/2024;;16/10/2025;16/10/2025
Magic Life Silla de;Magic Life Silla de oficina ergonómica, silla de escritorio ajustable de 4 engranajes, soporte lumbar ajustable con cojín grueso, reposacabezas 3D y cómoda silla de computadora con reposabrazos;Equipamentos;;;Ativo;ProStoral;€ 112.49;Magic Life;;PS0147202510;01/05/2024;;16/10/2025;16/10/2025
LG 29WP500-B - Monitor;LG 29WP500-B - Monitor UltraWide Ultrapanorámico 29 pulgadas, 21:9, Panel IPS: 2560x1080, 250cd/m², 1000:1, sRGB superior al 99%, diag. 73cm, entr: HDMIx2, Inclinación Ajustable, Color Negro;Equipamentos;;;Ativo;ProStoral;€ 134.10;LG;;PS0148202510;30/04/2024;;16/10/2025;16/10/2025
LG 34WP500-B - Monitor;"LG 34WP500-B - Monitor Ultrawide, 21:9, Panel IPS: 2560x1080, HDMIx2;, HDR10";Equipamentos;;;Ativo;ProStoral;€ 197.67;LG;;PS0149202510;30/04/2024;;16/10/2025;16/10/2025
LG 29WP500-B - Monitor;LG 29WP500-B - Monitor UltraWide Ultrapanorámico 29 pulgadas, 21:9, Panel IPS: 2560x1080, 250cd/m², 1000:1, sRGB superior al 99%, diag. 73cm, entr: HDMIx2, Inclinación Ajustable, Color Negro;Equipamentos;;;Ativo;ProStoral;€ 134.10;LG;;PS0150202510;30/04/2024;;16/10/2025;16/10/2025
LG 29WP500-B - Monitor;LG 29WP500-B - Monitor UltraWide Ultrapanorámico 29 pulgadas, 21:9, Panel IPS: 2560x1080, 250cd/m², 1000:1, sRGB superior al 99%, diag. 73cm, entr: HDMIx2, Inclinación Ajustable, Color Negro;Equipamentos;;;Ativo;ProStoral;€ 134.10;LG;;PS0151202510;30/04/2024;;16/10/2025;16/10/2025
"Soporte Monitor Doble 13""-32"" Monitor";"ErGear Soporte Monitor Doble para 13""-32"" Monitor con Resorte de Gas Tecnología de Movimiento Completo Brazo Monitor Inclinación ± 45 ° Giratoria 180 ° Rotación 360 ° VESA 100/75mm";Equipamentos;;;Ativo;ProStoral;€ 56.57;ErGear;;PS0152202510;30/04/2024;;16/10/2025;16/10/2025
NEEWER Actualizado NW635II-C TTL;NEEWER Actualizado NW635II-C TTL Cámara Flash Speedlite con Pantalla LCD, Compatible con Canon EOS R6 R5 R3 R M6 850D 800D 760D 750D 650D 600D 7D Mark II 7D 6D Mark II 6D 5D Mark IV/III 1D Mark III;Equipamentos;;;Ativo;ProStoral;€ 99.99;NEEWER;;PS0153202510;26/04/2024;;16/10/2025;16/10/2025
HP OMEN - portátil de;"HP OMEN 16-wf1018ns - Ordenador portátil Gaming de 16,1"" FHD (Intel Core i9-14900HX, 32GB RAM, 1 TB SSD, NVIDIA GeForce RTX 4070, 165Hz, Sin Sistema Operativo) Negro - Teclado QWERTY Español";Equipamentos;;;Ativo;ProStoral;€ 1818.17;HP;;PS0154202510;25/04/2024;;16/10/2025;16/10/2025
SteelSeries 7 - mecánico;SteelSeries Apex 7 - Teclado mecánico para gaming - Smart Display OLED - Retroiluminación LED RGB - Interruptores rojo - Teclado americano (QWERTY);Equipamentos;;;Ativo;ProStoral;€ 142.55;SteelSeries;;PS0155202510;25/04/2024;;16/10/2025;16/10/2025
ZEEGMA Planeet MIX -;ZEEGMA Planeet MIX - Amasadora (1800 W, robot multifuncional con cuenco de 5 L, con asa y tapa, 8 velocidades, incluye panel táctil de 3 piezas) (Black);Equipamentos;;;Ativo;ProStoral;€ 82.64;Zeegma;;PS0156202510;22/04/2024;;16/10/2025;16/10/2025
RYOBI - Eléctrico ONE+ -;RYOBI - Cortasetos Eléctrico Inalámbrico 18V ONE+ - Cuchillas de 50cm para Setos, Ramas Finas y Recorte Regular - Se Entrega con 1 Batería 18V 2,0Ah y 1 Cargador - RHT1851R-20F;Equipamentos;;;Ativo;ProStoral;€ 123.96;Ryobi;;PS0157202510;17/04/2024;;16/10/2025;16/10/2025
Andoer 50 cm/20 Pulgadas;Andoer 50 cm/20 Pulgadas de Aleación de Aluminio Cámara rastreador Deslizante de Vídeo estabilizador Riel para Cámara DSLR Videocámara Videocámara DV~Película Fotografía, Carga hasta 11 LB;Equipamentos;;;Ativo;ProStoral;€ 59.18;Andoer;;PS0158202510;17/04/2024;;16/10/2025;16/10/2025
Andoer 50 cm/20 Pulgadas;Andoer 50 cm/20 Pulgadas de Aleación de Aluminio Cámara rastreador Deslizante de Vídeo estabilizador Riel para Cámara DSLR Videocámara Videocámara DV~Película Fotografía, Carga hasta 11 LB;Equipamentos;;;Ativo;ProStoral;€ 59.18;Andoer;;PS0159202510;11/04/2024;;16/10/2025;16/10/2025
X9 Disco Duro Externo;Crucial X9 Disco Duro Externo SSD 4TB, Hasta 1050MB/s, Compatible con PC, Mac, PlayStation y Xbox, Memoria Externa, USB-C 3.2 - CT4000X9SSD902;Equipamentos;;;Ativo;ProStoral;€ 220.65;Crucial;;PS0160202510;11/04/2024;;16/10/2025;16/10/2025
COMFIER Asiento de Masaje;COMFIER Asiento de Masaje Shiatsu para Espalda y Cuello - Masajeador de espalda 2D / 3D de amasamiento completo con calor y compresor ajustable, Masajeador de cuerpo completo;Equipamentos;;;Ativo;ProStoral;€ 189.99;COMFIER;;PS0161202510;08/04/2024;;16/10/2025;16/10/2025
LG SQC4R - de Sonido;LG SQC4R - Barra de Sonido Inteligente, 220W, 2.1 Canales, Sonido Envolvente Dolby Digital con Bajos Potentes, Amplia Conectividad, HDMI, Bluetooth, USB, Entrada Óptica y App Android/iOS, Negro;Equipamentos;;;Ativo;ProStoral;€ 147.93;LG;;PS0162202510;20/03/2024;;16/10/2025;16/10/2025
Salicru SPS 1200 Soho+;Salicru SPS 1200 Soho+ - Sistema de Alimentación Ininterrumpida (SAI/UPS) de 1200 VA Line-Interactive y con Doble Cargador USB, Rojo;Equipamentos;;;Ativo;ProStoral;€ 147.18;Salicru;;PS0163202510;13/03/2024;;16/10/2025;16/10/2025
M2 Combo Micrófono (2TX+3RX);Hollyland Lark M2 Combo Micrófono Inalámbrico (2TX+3RX) para Cámara, iPhone, Android, PC, 300m, 48kHz/24 bit, Hi-Fi Audio, ENC Anti-rumore, 40 Horas, Microfono Lavalier per Podcast, Livestream, Vlog;Equipamentos;;;Ativo;ProStoral;€ 164.45;HollyView;;PS0164202510;10/03/2024;;16/10/2025;16/10/2025
CLIPOP Juego de 2 de;CLIPOP Juego de 2 taburetes de Bar de Cuero sintético marrón para Cocina y Desayuno con Base y elevación de Gas Giratorio Ajustable, 2 taburetes de Comedor con Respaldo Alto;Equipamentos;;;Ativo;ProStoral;€ 65.28;CLIPOP;;PS0165202510;22/02/2024;;16/10/2025;16/10/2025
OTTOCAST 2024 Inalámbrico CarPlay;OTTOCAST 2024 Inalámbrico CarPlay Adaptador Wireless Dongle,8s Auto-Connect Fast Speed,Inalambrico Apple CarPlay Inalambrico Plug Play,para Autos CarPlay con Cable Originales (Carplay U2Air Pro);Equipamentos;;;Ativo;ProStoral;€ 100.83;OTTOCAST;;PS0166202510;03/02/2024;;16/10/2025;16/10/2025
Yongnuo YN-14EX Ring TTL Light;Yongnuo YN-14EX Macro Ring TTL Flash Light Luz + Adaptador for Canon DSLR 6D 7D LF464;Equipamentos;;;Ativo;ProStoral;€ 120.82;YONGNUO;;PS0167202510;11/01/2024;;16/10/2025;16/10/2025
FoodSaver Máquina de vacío;FoodSaver Máquina de vacío FFS005X con compartimiento de almacenamiento de rodillos y cortadores, función de pulso para alimentos frágiles, incluye accesorios y bolsas de vacío a juego;Equipamentos;;;Ativo;ProStoral;€ 82.93;FoodSaver;;PS0168202510;04/12/2023;;16/10/2025;16/10/2025
Breville Freidora de aire;Breville Freidora de aire con función vapor | Freidora de aire digital de 7L con tecnología vapor SteamFry | 50% más eficiencia energética | 1700W | Color negro [VDF133X] | Enchufe UE;Equipamentos;;;Ativo;ProStoral;€ 114.88;Breville;;PS0169202510;26/11/2023;;16/10/2025;16/10/2025
Green Cell GC PowerBox;Green Cell GC PowerBox Wallbox 22kW RFID Cargador para EV PHEV | Cargando con 22kW/11kW/7.2kW | Toma de Tipo 2 | Pantalla LCD | Compatible con Model 3/S/X/Y, ID.3, ID.4, 500e, EV6, E-Tron, ZOE, Mach-E;Equipamentos;;;Ativo;ProStoral;€ 353.51;Green Cell;;PS0170202510;09/11/2023;;16/10/2025;16/10/2025
Aleación de aluminio Hierro;Aleación de aluminio Hierro Parachoques Trasero Remolque Gancho Rescate Accesorios 2PCS Para LR Defender 110 2020 2021 (Negro);Equipamentos;;;Ativo;ProStoral;€ 105.00;YIWANG;;PS0171202510;08/11/2023;;16/10/2025;16/10/2025
Freidora de aire de;Freidora de aire de 5.5L, Uten freidoras de aire sin aceite para uso doméstico, pantalla LED con pantalla digital, temporizador y control de temperatura ajustable para una salud baja en grasa, 1700W;Equipamentos;;;Ativo;ProStoral;€ 87.60;Uten;;PS0172202510;07/11/2023;;16/10/2025;16/10/2025
Green Cell GC PowerBox;Green Cell GC PowerBox Wallbox 22kW RFID Cargador para EV PHEV | Cargando con 22kW/11kW/7.2kW | Toma de Tipo 2 | Pantalla LCD | Compatible con Model 3/S/X/Y, ID.3, ID.4, 500e, EV6, E-Tron, ZOE, Mach-E;Equipamentos;;;Ativo;ProStoral;€ 338.49;Green Cell;;PS0173202510;07/11/2023;;16/10/2025;16/10/2025
Salicru SPS 1200 Soho+;Salicru SPS 1200 Soho+ - Sistema de Alimentación Ininterrumpida (SAI/UPS) de 1200 VA Line-Interactive y con Doble Cargador USB, Rojo;Equipamentos;;;Ativo;ProStoral;€ 138.13;Salicru;;PS0174202510;02/11/2023;;16/10/2025;16/10/2025
TUKAILAI Tocador Blanco con;TUKAILAI Tocador Blanco con Espejo y Bombillas, Mesa de Maquillaje de Luces LED Ajustables de Hollywood con 4 Cajones y 1 Compartimentos de Almacenamiento y Taburete, para Dormitorio;Equipamentos;;;Ativo;ProStoral;€ 191.66;TUKAILAi;;PS0175202510;02/11/2023;;16/10/2025;16/10/2025
SHIFENG Defender 90 110 2020;SHIFENG Para Land Rover Defender 90 110 2020 2021 2022 2023 aleación de aluminio cesta de almacenamiento del maletero del coche caja de accesorios negros (lado izquierdo);Equipamentos;;;Ativo;ProStoral;€ 103.86;SHIFENG;;PS0176202510;28/10/2023;;16/10/2025;16/10/2025
KERDOM de de escritorio;KERDOM Silla de oficina ergonómica, silla de escritorio con reposabrazos plegables y soporte lumbar, silla giratoria de altura ajustable con anillo para reposapiés, adecuada para el hogar y la oficina;Equipamentos;;;Ativo;ProStoral;€ 117.64;KERDOM;;PS0177202510;15/10/2023;;16/10/2025;16/10/2025
Sin Depósito 0.9L, Posición;HOOVER Aspiradora Escoba Sin Cable, Depósito 0.9L, Posición Parking, Luz LED, Autonomía 40min - HF100;Equipamentos;;;Ativo;ProStoral;€ 95.04;Hoover;;PS0178202510;30/09/2023;;16/10/2025;16/10/2025
iPhone 14 Pro (128 -;Apple iPhone 14 Pro (128 GB) - Morado Oscuro;Equipamentos;;;Ativo;ProStoral;€ 888.43;Apple;;PS0179202510;07/08/2023;;16/10/2025;16/10/2025
iRobot Robot con conexión j7+;iRobot Robot Aspirador con conexión Wi-Fi, Roomba j7+ con Vaciado automático de la Suciedad, Dos cepillos de Goma multisuperficie, optimo para Mascotas, aprende, mapea y se Adapta a tu hogar;Equipamentos;;;Ativo;ProStoral;€ 577.69;iRobot;;PS0180202510;02/08/2023;;16/10/2025;16/10/2025
Behringer XENYX X2442USB Premium de;Mezclador Behringer XENYX X2442USB Premium de 24 entradas y 4/2 buses con preamplificadores y compresores de micrófono XENYX;Equipamentos;;;Ativo;ProStoral;€ 309.92;Behringer;;PS0181202510;01/08/2023;;16/10/2025;16/10/2025
iRobot Robot Aspirador Roomba;iRobot Robot Aspirador Roomba s9+ Conectado a WiFi con Vaciado automático - Tecnología PerfectEdge® con Cepillo para Esquinas y Dos cepillos de Goma Multisuperficie más Anchos - Aumento de Potencia;Equipamentos;;;Ativo;ProStoral;€ 614.87;iRobot;;PS0182202510;13/07/2023;;16/10/2025;16/10/2025
Polk Mini - de Sonido;Polk Audio MagniFi Mini - Barra de Sonido y Subwoofer Inalámbrico, con Asistente de Google, Bluetooth, color Negro;Equipamentos;;;Ativo;ProStoral;€ 162.55;Polk Audio;;PS0183202510;12/07/2023;;16/10/2025;16/10/2025
Polk Mini - de Sonido;Polk Audio MagniFi Mini - Barra de Sonido y Subwoofer Inalámbrico, con Asistente de Google, Bluetooth, color Negro;Equipamentos;;;Ativo;ProStoral;€ 162.55;Polk Audio;;PS0184202510;12/07/2023;;16/10/2025;16/10/2025
Aire Acondicionado Portatil, Enfriador;Aire Acondicionado Portatil, Enfriador de Aire Portátil con Cristal de Hielo y Control Remoto, Climatizador Evaporativo Silencioso de Bajo Consumo de Energía con Humidificación para Hogar y Oficina;Equipamentos;;;Ativo;ProStoral;€ 226.80;IcyAir;;PS0185202510;30/06/2023;;16/10/2025;16/10/2025
- 34744 DE COMPÁS DE;AUSONIA - 34744 SIERRA DE COMPÁS AJUSTABLE DE 30 CM DE DIÁMETRO CON TAZA DE PLÁSTICO QUE PROTEGE DEL POLVO Y JUNTA HEXAGONAL DE 10 MM Y PUNTAS DE RECAMBIO. DIÁMETRO DE CORTE AJUSTABLE DE 40 A 200 MM;Equipamentos;;;Ativo;ProStoral;€ 73.14;AUSONIA;;PS0186202510;30/06/2023;;16/10/2025;16/10/2025
SEVERIN Mini congelador con;SEVERIN Mini congelador con 4 estrellas de congelación, congelador pequeño con estante intermedio, congelador bajo para hogares con poco espacio, 32 litros, blanco, GB 8882;Equipamentos;;;Ativo;ProStoral;€ 139.66;Severin;;PS0187202510;30/06/2023;;16/10/2025;16/10/2025
Apple Magic Mouse;Apple Magic Mouse;Equipamentos;;;Ativo;ProStoral;€ 62.80;Apple;;PS0188202510;16/05/2023;;16/10/2025;16/10/2025
Baxxtar 2X Batería LP-E6NH;Baxxtar 2X Batería LP-E6NH V1 MaxProtect (2250mAh Sensor NTC Activo, Carcasa V1) Cargador 18602 Mini USB LCD - también Compatible con Canon R5 R5c R6 R6II R7;Equipamentos;;;Ativo;ProStoral;€ 65.21;Baxxtar;;PS0189202510;15/05/2023;;16/10/2025;16/10/2025
2023 Pro con Chip M2;Apple 2023 MacBook Pro con Chip M2 Pro con CPU de Doce núcleos y GPU de diecinueve núcleos: Liquid Retina XDR de 16,2 Pulgadas, 16GB de Memoria unificada, 1 TB de Almacenamiento SSD, Plata;Equipamentos;;;Ativo;ProStoral;€ 2486.78;Apple;;PS0190202510;14/05/2023;;16/10/2025;16/10/2025
HOMCOM Silla Trabajo Taburete;HOMCOM Silla Trabajo Taburete Ruedas Giratorias Taburete Cosmetica Dentista Peluqueria Color Beige;Equipamentos;;;Ativo;ProStoral;€ 57.46;HOMCOM;;PS0191202510;12/05/2023;;16/10/2025;16/10/2025
Klarstein Fort Rock Chimenea;Klarstein Fort Rock Chimenea eléctrica - Chimenea eléctrica Decorativa con 1800 W de Potencia, Estufa eléctrica Decorativa Regulable, de 10 a 30 °C, Efecto llameante LED, Mando a Distancia;Equipamentos;;;Ativo;ProStoral;€ 215.59;KLARSTEIN;;PS0192202510;24/04/2023;;16/10/2025;16/10/2025
Kit De Control De;Kit De Control De Llaves DinamoméTricas Universales para Implantes Dentales;Equipamentos;;;Ativo;ProStoral;€ 142.23;KUUY;;PS0193202510;19/04/2023;;16/10/2025;16/10/2025
TTL Speedlite, GN58 HSS;NEEWER Actualizado NW645II-C TTL Flash Speedlite, GN58 HSS Esclavo Optico Sincronización de Cortina Trasera Compatible con Canon EOS R6 R5 R3 R M6 850D 800D 760D 750D 650D 600D 7D Mark II 7D 6D;Equipamentos;;;Ativo;ProStoral;€ 100.40;NEEWER;;PS0194202510;06/04/2023;;16/10/2025;16/10/2025
TTL Speedlite, GN58 HSS;NEEWER Actualizado NW645II-C TTL Flash Speedlite, GN58 HSS Esclavo Optico Sincronización de Cortina Trasera Compatible con Canon EOS R6 R5 R3 R M6 850D 800D 760D 750D 650D 600D 7D Mark II 7D 6D;Equipamentos;;;Ativo;ProStoral;€ 100.40;NEEWER;;PS0195202510;06/04/2023;;16/10/2025;16/10/2025
28211 Super de Succión, 1;GIMA 28211 Super Vega Aspirador de Succión, 1 L;Equipamentos;;;Ativo;ProStoral;€ 185.20;GIMA;;PS0196202510;03/04/2023;;16/10/2025;16/10/2025
28211 Super de Succión, 1;GIMA 28211 Super Vega Aspirador de Succión, 1 L;Equipamentos;;;Ativo;ProStoral;€ 207.27;GIMA;;PS0197202510;27/03/2023;;16/10/2025;16/10/2025
OlyCelotti Tilt Mount, Motorized Tripod;OlyCelotti Pan Tilt Camera Mount, Motorized Tripod Head with Remote Control and Mobile Phone Clip for DSLR Cameras, Camcorders, Smartphones, Tripod (Limited Weight Under 2.2lb);Equipamentos;;;Ativo;ProStoral;€ 99.17;OlyCelotti;;PS0198202510;22/03/2023;;16/10/2025;16/10/2025
Samsung TV Crystal UHD;"Samsung TV Crystal UHD 2022 55BU8000 - Smart de 55"", 4K , Procesador Crystal UHD, Contast Enhancer con HDR10+, Q-Symphony y Alexa integrada.";Equipamentos;;;Ativo;ProStoral;€ 395.87;SAMSUNG;;PS0199202510;13/03/2023;;16/10/2025;16/10/2025
Robot 102 (con tiempo de;Vileda Robot aspirador VR 102 (con tiempo de funcionamiento extralargo y apertura de succión XL), blanco;Equipamentos;;;Ativo;ProStoral;€ 131.85;Vileda;;PS0200202510;24/01/2023;;16/10/2025;16/10/2025
Shock Doctor Soporte con;Shock Doctor Ultra Soporte para Rodilla con Bisagras Bilaterales, Hombre, Negro,  33 - 35.6cm;Equipamentos;;;Ativo;ProStoral;€ 80.00;Shock Doctor;;PS0201202510;10/01/2023;;16/10/2025;16/10/2025
PROSHIELD Junior Protectores, Unisex-Niños, 164;ALPINA PROSHIELD Junior Vest Protectores, Unisex-Niños, Black, 164;Equipamentos;;;Ativo;ProStoral;€ 58.27;ALPINA;;PS0202202510;10/01/2023;;16/10/2025;16/10/2025
